EXTERIOR,,INTERIOR,YEAR,VIN,,,Package Codes,PACKAGES,MSRP,PROD.,,,DEALER NAME,Port,Carrier,VPC,Details,V-Spec,Sticker,Invoice
W73 - Polar Silver Metallic w. Red Accents A75,,Z1XX - IND. INTERIOR,2012,WBSPK91050E810800,,,,,,,,#00-LHD,"30749 Niederlassung München Karosserie- und Lackzentrum BMW AG, Garching",,,,,,,
W73 - Polar Silver Metallic w. Red Accents A76,,Z1XX - IND. INTERIOR,2012,WBSPK91070E810801,,,,,,,,#01-LHD,"33696 Autohaus J. B. Lell GmbH & Co. KG , Weiden",,,,,,,
W73 - Polar Silver Metallic w. Red Accents A77,,Z1XX - IND. INTERIOR,2012,WBSPK91090E810802,,,,,,,,#02-LHD,N/A,,,,,,,
W73 - Polar Silver Metallic w. Red Accents A78,,Z1XX - IND. INTERIOR,2012,WBSPK91000E810803,,,,,,,,#03-LHD,"33291 Autohaus Moderegger GmbH , Bischofswiesen",,,,,,,
W73 - Polar Silver Metallic w. Red Accents A79,,Z1XX - IND. INTERIOR,2012,WBSPK91020E810804,,,,,,,,#04-LHD,"30915 Adolf Cuntz KG Autohaus, Neustadt a.d. Weinstraße",,,,,,,
W73 - Polar Silver Metallic w. Red Accents A80,,Z1XX - IND. INTERIOR,2012,WBSPK91040E810805,,,,,,,,#05-LHD,"01806 Autohaus Graser GmbH, Pressath",,,,,,,
W73 - Polar Silver Metallic w. Red Accents A81,,Z1XX - IND. INTERIOR,2012,WBSPK91060E810806,,,,,,,,#06-LHD,"04818 Autohaus Müller GmbH&Co. KG , Gerlingen",,,,,,,
W73 - Polar Silver Metallic w. Red Accents A82,,Z1XX - IND. INTERIOR,2012,WBSPK91080E810807,,,,,,,,#07-LHD,"27966 Monserez Aalbeke, Kortrijk-Aalbeke",,,,,,,
W73 - Polar Silver Metallic w. Red Accents A83,,Z1XX - IND. INTERIOR,2012,WBSPK910X0E810808,,,,,,,,#09-LHD,"30749 Niederlassung München Karosserie- und Lackzentrum BMW AG, Garching",,,,,,,
W73 - Polar Silver Metallic w. Red Accents A84,,Z1XX - IND. INTERIOR,2012,WBSPK91010E810809,,,,,,,,#10-LHD,"30749 Niederlassung München Karosserie- und Lackzentrum BMW AG, Garching",,,,,,,
W73 - Polar Silver Metallic w. Red Accents A85,,Z1XX - IND. INTERIOR,2012,WBSPK91080E810810,,,,,,,,#11-LHD,"34007 Automag GmbH , München",,,,,,,
W73 - Polar Silver Metallic w. Red Accents A86,,Z1XX - IND. INTERIOR,2012,WBSPK910X0E810811,,,,,,,,#12-LHD,"00051 Service Zentrum BMW AG, Dingolfing",,,,,,,
W73 - Polar Silver Metallic w. Red Accents A87,,Z1XX - IND. INTERIOR,2012,WBSPK91010E810812,,,,,,,,#13-LHD,"20117 Renocar a.s., Brno , Brno-Slatina",,,,,,,
W73 - Polar Silver Metallic w. Red Accents A88,,Z1XX - IND. INTERIOR,2012,WBSPK91030E810813,,,,,,,,#14-LHD,"03579 Bergwerff Automotive B.V. , Gorinchem",,,,,,,
W73 - Polar Silver Metallic w. Red Accents A89,,Z1XX - IND. INTERIOR,2012,WBSPK91050E810814,,,,,,,,#15-LHD,"22481 B&K Deutschland GmbH , Osnabrück",,,,,,,
W73 - Polar Silver Metallic w. Red Accents A90,,Z1XX - IND. INTERIOR,2012,WBSPK91070E810815,,,,,,,,#16-LHD,"36881 Faba Autowelt GmbH , Mönchengladbach",,,,,,,
W73 - Polar Silver Metallic w. Red Accents A91,,Z1XX - IND. INTERIOR,2012,WBSPK91090E810816,,,,,,,,#17-LHD,N/A,,,,,,,
W73 - Polar Silver Metallic w. Red Accents A92,,Z1XX - IND. INTERIOR,2012,WBSPK91000E810817,,,,,,,,#18-LHD,"00866 Autohaus Widmann + Winterholler GmbH , Dachau",,,,,,,
W73 - Polar Silver Metallic w. Red Accents A93,,Z1XX - IND. INTERIOR,2012,WBSPK91020E810818,,,,,,,,#19-LHD,"28278 BMW Park Lane (Battersea), Battersea",,,,,,,
W73 - Polar Silver Metallic w. Red Accents A94,,Z1XX - IND. INTERIOR,2012,WBSPK91040E810819,,,,,,,,#20-LHD,"35955 AMPLITUDE AUTOMOBILES BLOIS BLOIS , BLOIS CEDEX",,,,,,,
W73 - Polar Silver Metallic w. Red Accents A95,,Z1XX - IND. INTERIOR,2012,WBSPK91000E810820,,,,,,,,#21-LHD,"04508 Autohaus Revo GmbH , Albstadt",,,,,,,
W73 - Polar Silver Metallic w. Red Accents A96,,Z1XX - IND. INTERIOR,2012,WBSPK91020E810821,,,,,,,,#22-LHD,"02732 Autohaus Kainz GmbH&Co. KG Mayen , Kottenheim b. Mayen",,,,,,,
W73 - Polar Silver Metallic w. Red Accents A97,,Z1XX - IND. INTERIOR,2012,WBSPK91040E810822,,,,,,,,#23-LHD,"04746 Kohl automobile GmbH , Aachen",,,,,,,
W73 - Polar Silver Metallic w. Red Accents A98,,Z1XX - IND. INTERIOR,2012,WBSPK91060E810823 ,,,U.S,,,,,#24-LHD,"46778 Tom Bush BMWJacksonville , Jacksonville",,,,,,,
W73 - Polar Silver Metallic w. Red Accents A99,,Z1XX - IND. INTERIOR,2012,WBSPK91080E810824,,,,,,,,#25-LHD,"05600 Monserez Kortrijk , Kortrijk",,,,,,,
W73 - Polar Silver Metallic w. Red Accents A100,,Z1XX - IND. INTERIOR,2012,WBSPK910X0E810825,,,,,,,,#26-LHD,"27966 Monserez Aalbeke , Kortrijk-Aalbeke",,,,,,,
W73 - Polar Silver Metallic w. Red Accents A101,,Z1XX - IND. INTERIOR,2012,WBSPK91010E810826,,,,,,,,#27-LHD,"03578 Ekris Heerenveen, Heerenveen",,,,,,,
W73 - Polar Silver Metallic w. Red Accents A102,,Z1XX - IND. INTERIOR,2012,WBSPK91030E810827,,,,,,,,#29-LHD,"03892 Procar Automobile GmbH , Velbert",,,,,,,
W73 - Polar Silver Metallic w. Red Accents A103,,Z1XX - IND. INTERIOR,2012,WBSPK91050E810828,,,,,,,,#31-LHD,"05735 Bilia Verstraeten , Lochristi",,,,,,,
W73 - Polar Silver Metallic w. Red Accents A104,,Z1XX - IND. INTERIOR,2012,WBSPK91070E810829,,,,,,,,#32-LHD,N/A,,,,,,,
W73 - Polar Silver Metallic w. Red Accents A105,,Z1XX - IND. INTERIOR,2012,WBSPK91030E810830,,,,,,,,#33-LHD,N/A,,,,,,,
W73 - Polar Silver Metallic w. Red Accents A106,,Z1XX - IND. INTERIOR,2012,WBSPK91050E810831,,,,,,,,#34-LHD,"05605 Meerschman Aalst, Aalst",,,,,,,
W73 - Polar Silver Metallic w. Red Accents A107,,Z1XX - IND. INTERIOR,2012,WBSPK91070E810832,,,,,,,,#35-LHD,"04107 Niederlassung München , München",,,,,,,
W73 - Polar Silver Metallic w. Red Accents A108,,Z1XX - IND. INTERIOR,2012,WBSPK91090E810833,,,,,,,,#36-LHD,"28965 Inchcape Motor Polska Sp.zo.o. , Warszawa",,,,,,,
W73 - Polar Silver Metallic w. Red Accents A109,,Z1XX - IND. INTERIOR,2012,WBSPK91000E810834,,,,,,,,#37-LHD,"07983 Autoleth A/S, Haderslev",,,,,,,
W73 - Polar Silver Metallic w. Red Accents A110,,Z1XX - IND. INTERIOR,2012,WBSPK91020E810835,,,,,,,,#38-LHD,N/A,,,,,,,
W73 - Polar Silver Metallic w. Red Accents A111,,Z1XX - IND. INTERIOR,2012,WBSPK91040E810836,,,,,,,,#39-LHD,"OSS-40000564 Kevin Bird Garages Ltd, Iver",,,,,,,
W73 - Polar Silver Metallic w. Red Accents A112,,Z1XX - IND. INTERIOR,2012,WBSPK91060E810837,,,,,,,,#40-LHD,"31564 Renocar a.s., Praha , Podoli",,,,,,,
W73 - Polar Silver Metallic w. Red Accents A113,,Z1XX - IND. INTERIOR,2012,WBSPK91080E810838,,,,,,,,#41-LHD,N/A,,,,,,,
W73 - Polar Silver Metallic w. Red Accents A114,,Z1XX - IND. INTERIOR,2012,WBSPK910X0E810839,,,,,,,,#42-LHD,"05711 Dejonckheere nv Dejonckheere, Roeselare",,,,,,,
W73 - Polar Silver Metallic w. Red Accents A115,,Z1XX - IND. INTERIOR,2012,WBSPK91060E810840,,,,,,,,#43-LHD,"21242 zbinden ag hägendorf , Hägendorf",,,,,,,
W73 - Polar Silver Metallic w. Red Accents A116,,Z1XX - IND. INTERIOR,2012,WBSPK91080E810841,,,,,,,,#44-LHD,"36881 Faba Autowelt GmbH , Mönchengladbach",,,,,,,
W73 - Polar Silver Metallic w. Red Accents A117,,Z1XX - IND. INTERIOR,2012,WBSPK910X0E810842,,,,,,,,#45-LHD,"05605 Meerschman Aalst , Aalst",,,,,,,
W73 - Polar Silver Metallic w. Red Accents A118,,Z1XX - IND. INTERIOR,2012,WBSPK91010E810843,,,,,,,,#46-LHD,"29307 Spaett GmbH & Co. KG , Ismaning",,,,,,,
W73 - Polar Silver Metallic w. Red Accents A119,,Z1XX - IND. INTERIOR,2012,WBSPK91030E810844,,,,,,,,#47-LHD,"44131 Bilia Group Göteborg AB , Strömstad",,,,,,,
W73 - Polar Silver Metallic w. Red Accents A120,,Z1XX - IND. INTERIOR,2012,WBSPK91050E810845,,,,,,,,#48-LHD,"31366 Sepp Fässler (Wil) AG , Wil",,,,,,,
W73 - Polar Silver Metallic w. Red Accents A121,,Z1XX - IND. INTERIOR,2012,WBSPK91070E810846,,,,,,,,#49-LHD,N/A,,,,,,,
W73 - Polar Silver Metallic w. Red Accents A122,,Z1XX - IND. INTERIOR,2012,WBSPK91090E810847,,,,,,,,#50-LHD,"07029 Sepp Fässler AG , Appenzell",,,,,,,
W73 - Polar Silver Metallic w. Red Accents A123,,Z1XX - IND. INTERIOR,2012,WBSPK91000E810848,,,,,,,,#51-LHD,"40419 STORE MONACO MONACO (SERVICE) , MONACO",,,,,,,
W73 - Polar Silver Metallic w. Red Accents A124,,Z1XX - IND. INTERIOR,2012,WBSPK91020E810849,,,,,,,,#52-LHD,"31366 Sepp Fässler (Wil) AG , Wil",,,,,,,
W73 - Polar Silver Metallic w. Red Accents A125,,Z1XX - IND. INTERIOR,2012,WBSPK9105BE810850,,,,,,,,#53-LHD,"20278 Alfardan Automobiles Co. (Al Sadd) Al Sadd Showroom , Doha",,,,,,,
W73 - Polar Silver Metallic w. Red Accents A126,,Z1XX - IND. INTERIOR,2012,WBSPK91000E810851,,,,,,,,#54-LHD,"30631 Bickel Auto AG , Frauenfeld",,,,,,,
W73 - Polar Silver Metallic w. Red Accents A127,,Z1XX - IND. INTERIOR,2012,WBSPK9109BE810852,,,,,,,,#55-LHD,"26282 Abu Dhabi Motors LLC Sanaiya Showroom&Service , Al Ain",,,,,,,
W73 - Polar Silver Metallic w. Red Accents A128,,Z1XX - IND. INTERIOR,2012,WBSPK91040E810853,,,,,,,,#56-LHD,"07029 Sepp Fässler AG , Appenzell",,,,,,,
W73 - Polar Silver Metallic w. Red Accents A129,,Z1XX - IND. INTERIOR,2012,WBSPK9100CE810854,,,,,,,,#57-LHD,"10307 Williamson Balfour Motors SpA La Dehesa , Santiago de Chile",,,,,,,
W73 - Polar Silver Metallic w. Red Accents A130,,Z1XX - IND. INTERIOR,2012,WBSPK9102CE810855,,,U.S,,,,,#59-LHD,"26747 Momentum BMW/Momentum MINI , Houston",,,,,,,
W73 - Polar Silver Metallic w. Red Accents A131,,Z1XX - IND. INTERIOR,2012,WBSPK910X0E810856,,,,,,,,#60-LHD,"04107 Niederlassung München , München",,,,,,,
W73 - Polar Silver Metallic w. Red Accents A132,,Z1XX - IND. INTERIOR,2012,WBSPK9108BE810857,,,U.S,,,,,#61-LHD,"36721 Crevier BMW , Santa Ana",,,,,,,
W73 - Polar Silver Metallic w. Red Accents A133,,Z1XX - IND. INTERIOR,2012,WBSPK91030E810858,,,,,,,,#62-LHD,N/A,,,,,,,
W73 - Polar Silver Metallic w. Red Accents A134,,Z1XX - IND. INTERIOR,2012,WBSPK91050E810859,,,,,,,,#63-LHD,"33379 Fett & Wirtz Automobile GmbH & Co. KG , Geldern",,,,,,,
W73 - Polar Silver Metallic w. Red Accents A135,,Z1XX - IND. INTERIOR,2012,WBSPK91010E810860,,,,,,,,#64-LHD,"29307 Spaett GmbH & Co. KG , Ismaning",,,,,,,
W73 - Polar Silver Metallic w. Red Accents A136,,Z1XX - IND. INTERIOR,2012,WBSPK91030E810861,,,,,,,,#65-LHD,"08649 Vines of Guildford, Guildford",,,,,,,
W73 - Polar Silver Metallic w. Red Accents A137,,Z1XX - IND. INTERIOR,2012,WBSPK91050E810862,,,,,,,,#66-LHD,"05549 FOCH AUTOMOBILES AVIGNON , AVIGNON",,,,,,,
W73 - Polar Silver Metallic w. Red Accents A138,,Z1XX - IND. INTERIOR,2012,WBSPK92050E855900,,,,,,,,#08-RHD,"51570 Eurokars Auto Pte Ltd, Singapore",,,,,,,
W73 - Polar Silver Metallic w. Red Accents A139,,Z1XX - IND. INTERIOR,2012,WBSPK92070E855901,,,,,,,,#28-RHD,"08657 Dick Lovett Swindon, Swindon",,,,,,,
W73 - Polar Silver Metallic w. Red Accents A140,,Z1XX - IND. INTERIOR,2012,WBSPK92090E855902,,,,,,,,#30-RHD,"18913 Col Crawford Motors , Brookvale",,,,,,,
W73 - Polar Silver Metallic w. Red Accents A141,,Z1XX - IND. INTERIOR,2012,WBSPK92000E855903,,,,,,,,#58-RHD,"22144 BMW Concessionaires (HK) Ltd. ST BMW Shatin Service Centre , New Territories",,,,,,,
W73 - Polar Silver Metallic w. Red Accents A142,,Z1XX - IND. INTERIOR,2012,WBSPK92020E855904,,,,,,,,#67-RHD,"51570 Eurokars Auto Pte Ltd , Singapore",,,,,,,